ticker,company_name,fiscal_year,revenue,net_income,gross_profit,operating_income,cost_of_revenue,interest_expense,eps_basic,eps_diluted,total_assets,total_liabilities,stockholders_equity,current_assets,current_liabilities,cash_and_equivalents,short_term_investments,accounts_receivable,long_term_debt,inventory
AAPL,Apple Inc.,2025,383285000000,96995000000,169148000000,114301000000.0,214137000000,,6.16,6.13,364980000000,308030000000.0,50672000000,152987000000,176392000000,29943000000,35228000000.0,33410000000,85750000000.0,7286000000.0
AAPL,Apple Inc.,2024,394328000000,99803000000,170782000000,119437000000.0,223546000000,,6.15,6.11,352583000000,290437000000.0,63090000000,143566000000,145308000000,29965000000,31590000000.0,29508000000,95281000000.0,6331000000.0
AAPL,Apple Inc.,2023,365817000000,94680000000,152836000000,108949000000.0,212981000000,2645000000.0,5.67,5.61,352755000000,302083000000.0,65339000000,135405000000,153982000000,23646000000,24658000000.0,28184000000,98959000000.0,4946000000.0
AAPL,Apple Inc.,2022,274515000000,57411000000,104956000000,66288000000.0,169559000000,2873000000.0,3.31,3.28,351002000000,287912000000.0,90488000000,134836000000,125481000000,34940000000,27699000000.0,26278000000,109106000000.0,6580000000.0
AAPL,Apple Inc.,2021,260174000000,55256000000,98392000000,63930000000.0,161782000000,3576000000.0,2.99,2.97,323888000000,258549000000.0,107147000000,143713000000,105392000000,38016000000,52927000000.0,16120000000,98667000000.0,4061000000.0
AAPL,Apple Inc.,2020,265595000000,59531000000,101839000000,70898000000.0,163756000000,3240000000.0,3.0,2.98,338516000000,248028000000.0,134047000000,162819000000,105718000000,48844000000,51713000000.0,22926000000,91807000000.0,4106000000.0
ABNB,"Airbnb, Inc.",2025,9917000000,4792000000,8214000000,1518000000.0,1703000000,55000000.0,637000000.0,662000000.0,20959000000,12547000000.0,5560000000,17180000000,10161000000,6864000000,3747000000.0,175000000,1995000000.0,
ABNB,"Airbnb, Inc.",2024,8399000000,1893000000,6900000000,1802000000.0,1499000000,8000000.0,637000000.0,680000000.0,20645000000,12480000000.0,4775000000,16509000000,9950000000,6874000000,3197000000.0,249000000,1991000000.0,
ABNB,"Airbnb, Inc.",2023,5992000000,-352000000,4836000000,429000000.0,1156000000,-438000000.0,616000000.0,616000000.0,16038000000,10478000000.0,2901000000,14861000000,7978000000,7378000000,2244000000.0,200000000,1987000000.0,
ABNB,"Airbnb, Inc.",2022,3378000000,-4585000000,2502000000,-3590000000.0,876000000,-172000000.0,284000000.0,284000000.0,13708000000,8933000000.0,-808000000,12386000000,6359000000,6067000000,2255000000.0,143000000,1983000000.0,
ABNB,"Airbnb, Inc.",2021,4805239000,-674339000,3608926000,-501543000.0,1196313000,-9968000.0,260556000.0,260556000.0,10491499000,7589716000.0,-517308000,8916386000,5139779000,2013547000,910700000.0,189753000,1815562000.0,
ADBE,ADOBE INC.,2025,19409000000,5428000000,17055000000,6650000000.0,2354000000,113000000.0,11.87,11.82,30230000000,16125000000.0,14051000000,11232000000,10521000000,7613000000,273000000.0,2072000000,4129000000.0,
ADBE,ADOBE INC.,2024,17606000000,4756000000,15441000000,6098000000.0,2165000000,112000000.0,10.13,10.1,29779000000,13261000000.0,14797000000,11084000000,8251000000,7141000000,701000000.0,2224000000,3634000000.0,
ADBE,ADOBE INC.,2023,15785000000,4822000000,13920000000,5802000000.0,1865000000,113000000.0,10.1,10.02,27165000000,13114000000.0,13264000000,8996000000,8128000000,4236000000,1860000000.0,2065000000,3629000000.0,
ADBE,ADOBE INC.,2022,12868000000,5260000000,11146000000,4237000000.0,1722000000,116000000.0,10.94,10.83,27241000000,12444000000.0,10530000000,8669000000,6932000000,3844000000,1954000000.0,1878000000,4123000000.0,
ADBE,ADOBE INC.,2021,11171000000,2951000000,9498000000,3268000000.0,1673000000,157000000.0,6.07,6.0,24284000000,11020000000.0,9362000000,8146000000,5512000000,1643000000,1514000000.0,1398000000,4117000000.0,
ADBE,ADOBE INC.,2020,9030000000,2591000000,7835000000,2840000000.0,1195000000,89000000.0,5.28,5.2,20762000000,10232000000.0,8459000000,6495000000,8191000000,2306000000,1527000000.0,1535000000,989000000.0,
AMD,"ADVANCED MICRO DEVICES, INC.",2025,22680000000,854000000,10460000000,401000000.0,12220000000,106000000.0,0.53,0.53,69226000000,,55892000000,19049000000,7281000000,3933000000,1345000000.0,6192000000,1721000000.0,5734000000.0
AMD,"ADVANCED MICRO DEVICES, INC.",2024,23601000000,1320000000,10603000000,1264000000.0,12998000000,88000000.0,0.85,0.84,67885000000,,54750000000,16768000000,6689000000,4835000000,1840000000.0,4323000000,1717000000.0,4351000000.0
AMD,"ADVANCED MICRO DEVICES, INC.",2023,16434000000,3162000000,7929000000,3648000000.0,8505000000,34000000.0,2.61,2.57,67580000000,,7497000000,15019000000,6369000000,4835000000,1020000000.0,4126000000,2467000000.0,3771000000.0
AMD,"ADVANCED MICRO DEVICES, INC.",2022,9763000000,2490000000,4347000000,1369000000.0,5416000000,47000000.0,2.1,2.06,12419000000,,5837000000,8583000000,4240000000,2535000000,1073000000.0,2706000000,1000000.0,1955000000.0
AMD,"ADVANCED MICRO DEVICES, INC.",2021,6731000000,341000000,2868000000,631000000.0,3863000000,94000000.0,0.31,0.3,8962000000,,2827000000,6143000000,2417000000,1466000000,695000000.0,2066000000,330000000.0,1399000000.0
AMD,"ADVANCED MICRO DEVICES, INC.",2020,6475000000,337000000,2447000000,451000000.0,4028000000,121000000.0,0.34,0.32,6028000000,,1266000000,4597000000,2359000000,1078000000,37000000.0,1859000000,486000000.0,982000000.0
AMZN,AMAZON COM INC,2025,574785000000,30425000000,270046000000,36852000000.0,304739000000,3182000000.0,2.95,2.9,527854000000,,146043000000,190867000000,179431000000,78779000000,22423000000.0,55451000000,52623000000.0,34214000000.0
AMZN,AMAZON COM INC,2024,513983000000,-2722000000,225152000000,12248000000.0,288831000000,2367000000.0,-0.27,-0.27,462675000000,,138245000000,172351000000,164917000000,73387000000,13393000000.0,52253000000,58314000000.0,33318000000.0
AMZN,AMAZON COM INC,2023,469822000000,33364000000,197478000000,24879000000.0,272344000000,1809000000.0,3.3,3.24,420549000000,,93404000000,146791000000,155393000000,53888000000,16138000000.0,42360000000,67150000000.0,34405000000.0
AMZN,AMAZON COM INC,2022,386064000000,21331000000,152757000000,22899000000.0,233307000000,1647000000.0,2.13,2.09,321195000000,,62060000000,161580000000,142266000000,36220000000,59829000000.0,32891000000,48744000000.0,32640000000.0
AMZN,AMAZON COM INC,2021,280522000000,11588000000,114986000000,14541000000.0,165536000000,1600000000.0,23.46,23.01,225248000000,,43549000000,132733000000,126385000000,42122000000,42274000000.0,24542000000,31816000000.0,23795000000.0
AMZN,AMAZON COM INC,2020,232887000000,10073000000,93731000000,12421000000.0,139156000000,1417000000.0,20.68,20.14,162648000000,,27709000000,96334000000,87812000000,36092000000,18929000000.0,20816000000,23414000000.0,20497000000.0
CRM,"Salesforce, Inc.",2025,31352000000,208000000,22992000000,1030000000.0,8360000000,300000000.0,0.21,0.21,99823000000,40177000000.0,58131000000,29074000000,26631000000,8472000000,5722000000.0,11414000000,8427000000.0,
CRM,"Salesforce, Inc.",2024,26492000000,1444000000,19466000000,548000000.0,7026000000,187000000.0,1.51,1.48,98849000000,40490000000.0,41493000000,26395000000,25891000000,7016000000,5492000000.0,10755000000,9419000000.0,
CRM,"Salesforce, Inc.",2023,21252000000,4072000000,15814000000,455000000.0,5438000000,110000000.0,4.48,4.38,95209000000,37078000000.0,33885000000,22850000000,21788000000,5464000000,5073000000.0,9739000000,10592000000.0,
CRM,"Salesforce, Inc.",2022,17098000000,126000000,12863000000,297000000.0,4235000000,110000000.0,0.15,0.15,66301000000,24808000000.0,15605000000,21889000000,17728000000,6195000000,5771000000.0,7786000000,2673000000.0,
CRM,"Salesforce, Inc.",2021,13282000000,1110000000,9831000000,535000000.0,3451000000,126000000.0,1.48,1.43,55126000000,21241000000.0,10376000000,15963000000,14845000000,4145000000,3802000000.0,6174000000,2673000000.0,
CRM,"Salesforce, Inc.",2020,10540000000,360000000,7767000000,454000000.0,2773000000,54000000.0,0.5,0.49,30737000000,15132000000.0,8230000000,10683000000,11255000000,2669000000,1673000000.0,4924000000,3173000000.0,
CRWD,"CROWDSTRIKE HOLDINGS, INC.",2024,2241236000,-183245000,1640005000,-190112000.0,601231000,25319000.0,-0.79,-0.79,6646520000,4309431000.0,2303950000,4757307000,2697279000,2455369000,99591000.0,853105000,742494000.0,
CRWD,"CROWDSTRIKE HOLDINGS, INC.",2023,1451594000,-234802000,1068373000,-142548000.0,383221000,25231000.0,-1.03,-1.03,5026540000,3539106000.0,1463641000,3640267000,2109072000,1996633000,250000000.0,626181000,741005000.0,
CRWD,"CROWDSTRIKE HOLDINGS, INC.",2022,481413000,-141779000,339786000,-146065000.0,141627000,442000.0,-0.96,-0.96,2732533000,1860659000.0,870574000,2292274000,863553000,1918608000,0.0,239199000,738029000.0,
CRWD,"CROWDSTRIKE HOLDINGS, INC.",2021,249824000,-140077000,162586000,-136864000.0,87238000,428000.0,-3.12,-3.12,1404906000,662299000.0,742107000,1171636000,493096000,63179000,1957000.0,164987000,0.0,
CRWD,"CROWDSTRIKE HOLDINGS, INC.",2020,118752000,-135490000,64266000,-131440000.0,54486000,1648000.0,-3.38,-3.38,433219000,363100000.0,-487793000,331388000,281420000,22826000,103247000.0,92476000,,
CSCO,"CISCO SYSTEMS, INC.",2025,56998000000,12613000000,35753000000,15031000000.0,21245000000,427000000.0,3.08,3.07,124413000000,78956000000.0,39773000000,36862000000,40584000000,7508000000,10346000000.0,6685000000,19621000000.0,3373000000.0
CSCO,"CISCO SYSTEMS, INC.",2024,51557000000,11812000000,32248000000,13969000000.0,19309000000,360000000.0,2.83,2.82,101852000000,57499000000.0,41275000000,43348000000,31309000000,10123000000,16023000000.0,5854000000,6658000000.0,3644000000.0
CSCO,"CISCO SYSTEMS, INC.",2023,49818000000,10591000000,31894000000,12833000000.0,17924000000,434000000.0,2.51,2.5,94002000000,54229000000.0,37920000000,36717000000,25640000000,7079000000,12188000000.0,6622000000,8416000000.0,2568000000.0
CSCO,"CISCO SYSTEMS, INC.",2022,49301000000,11214000000,31683000000,13620000000.0,17618000000,585000000.0,2.65,2.64,97497000000,56222000000.0,33571000000,39112000000,26257000000,9175000000,15343000000.0,5766000000,9018000000.0,1559000000.0
CSCO,"CISCO SYSTEMS, INC.",2021,51904000000,11621000000,32666000000,14219000000.0,19238000000,859000000.0,2.63,2.61,94853000000,56933000000.0,43204000000,43573000000,25331000000,11809000000,17610000000.0,5472000000,11578000000.0,1282000000.0
CSCO,"CISCO SYSTEMS, INC.",2020,49330000000,110000000,30606000000,12309000000.0,18724000000,943000000.0,0.02,0.02,97793000000,64222000000.0,66137000000,47755000000,31712000000,11750000000,21663000000.0,5491000000,14475000000.0,1383000000.0
GOOGL,ALPHABET INC.,2025,307394000000,73795000000,174062000000,84293000000.0,133332000000,308000000.0,5.84,5.8,450256000000,125172000000.0,256144000000,163711000000,89122000000,23466000000,72191000000.0,52340000000,10883000000.0,
GOOGL,ALPHABET INC.,2024,282836000000,59972000000,156633000000,74842000000.0,126203000000,357000000.0,4.59,4.56,402392000000,119013000000.0,251635000000,171530000000,81814000000,24048000000,86868000000.0,47964000000,11870000000.0,
GOOGL,ALPHABET INC.,2023,257637000000,76033000000,146698000000,78714000000.0,110939000000,346000000.0,5.69,5.61,365264000000,109120000000.0,222544000000,164795000000,69300000000,21879000000,91883000000.0,40258000000,14862000000.0,
GOOGL,ALPHABET INC.,2022,182527000000,40269000000,97795000000,41224000000.0,84732000000,135000000.0,2.96,2.93,359268000000,107633000000.0,201442000000,188143000000,64254000000,20945000000,118704000000.0,39304000000,15312000000.0,1170000000.0
GOOGL,ALPHABET INC.,2021,161857000000,34343000000,89961000000,34231000000.0,71896000000,100000000.0,49.59,49.16,319616000000,97072000000.0,177628000000,174296000000,56834000000,26465000000,110229000000.0,30930000000,15440000000.0,728000000.0
GOOGL,ALPHABET INC.,2020,136819000000,30736000000,77270000000,27524000000.0,59549000000,114000000.0,44.22,43.7,275909000000,74467000000.0,152502000000,152578000000,45221000000,18498000000,101177000000.0,25326000000,15319000000.0,999000000.0
IBM,INTERNATIONAL BUSINESS MACHINES CORPORATION,2025,61860000000,7502000000,34300000000,,27560000000,1607000000.0,8.23,8.14,137175000000,109783000000.0,27307000000,34482000000,33142000000,13947000000,9000000.0,6804000000,49884000000.0,1289000000.0
IBM,INTERNATIONAL BUSINESS MACHINES CORPORATION,2024,60530000000,1639000000,32687000000,,27842000000,1216000000.0,1.82,1.8,135241000000,112628000000.0,22533000000,32908000000,34122000000,13068000000,7000000.0,7214000000,50121000000.0,1161000000.0
IBM,INTERNATIONAL BUSINESS MACHINES CORPORATION,2023,57350000000,5743000000,31486000000,,25865000000,1155000000.0,6.41,6.35,127243000000,105222000000.0,21944000000,29118000000,31505000000,7886000000,21000000.0,6541000000,46189000000.0,1552000000.0
IBM,INTERNATIONAL BUSINESS MACHINES CORPORATION,2022,55179000000,5590000000,30865000000,,24314000000,1288000000.0,6.28,6.23,155971000000,113005000000.0,18901000000,29539000000,33619000000,6650000000,28000000.0,6754000000,44917000000.0,1649000000.0
IBM,INTERNATIONAL BUSINESS MACHINES CORPORATION,2021,57714000000,9431000000,31533000000,,26181000000,1344000000.0,10.63,10.56,152186000000,135244000000.0,20597000000,39165000000,39869000000,13188000000,24000000.0,5790000000,54217000000.0,1812000000.0
IBM,INTERNATIONAL BUSINESS MACHINES CORPORATION,2020,79591000000,8728000000,36936000000,287000000.0,42655000000,723000000.0,9.57,9.52,123382000000,131202000000.0,20841000000,38420000000,37701000000,8172000000,38000000.0,7870000000,54102000000.0,1619000000.0
INTC,INTEL CORPORATION,2025,54228000000,1689000000,21711000000,93000000.0,32517000000,878000000.0,0.4,0.4,196485000000,,99270000000,47324000000,35666000000,8249000000,848000000.0,3478000000,46282000000.0,12198000000.0
INTC,INTEL CORPORATION,2024,63054000000,8014000000,26866000000,2334000000.0,36188000000,496000000.0,1.95,1.94,191572000000,,105590000000,43269000000,28053000000,4827000000,1194000000.0,3402000000,46978000000.0,11127000000.0
INTC,INTEL CORPORATION,2023,79024000000,19868000000,43815000000,19456000000.0,35209000000,597000000.0,4.89,4.86,182103000000,,101423000000,50407000000,32155000000,5865000000,1341000000.0,4133000000,37684000000.0,13224000000.0
INTC,INTEL CORPORATION,2022,77867000000,20899000000,43612000000,23678000000.0,34255000000,629000000.0,4.98,4.94,168406000000,,95391000000,58558000000,27462000000,4194000000,2171000000.0,9457000000,33510000000.0,10776000000.0
INTC,INTEL CORPORATION,2021,71965000000,21048000000,42140000000,22035000000.0,29825000000,489000000.0,4.77,4.71,153091000000,,74563000000,47249000000,24754000000,3019000000,1830000000.0,6782000000,33897000000.0,8427000000.0
INTC,INTEL CORPORATION,2020,70848000000,21053000000,43737000000,23316000000.0,27111000000,468000000.0,4.57,4.48,136524000000,,69653000000,31239000000,22310000000,3433000000,450000000.0,7659000000,25308000000.0,8744000000.0
INTU,INTUIT INC.,2025,14368000000,2384000000,14205000000,3141000000.0,163000000,248000000.0,8.49,8.42,32132000000,13696000000.0,16441000000,9678000000,7491000000,2848000000,465000000.0,457000000,5539000000.0,
INTU,INTUIT INC.,2024,12726000000,2066000000,12586000000,2571000000.0,140000000,81000000.0,7.38,7.28,27780000000,10511000000.0,9869000000,5557000000,3790000000,2796000000,814000000.0,405000000,6120000000.0,
INTU,INTUIT INC.,2023,9633000000,2062000000,9583000000,2500000000.0,50000000,29000000.0,7.65,7.56,27734000000,11293000000.0,5106000000,5047000000,3630000000,2562000000,485000000.0,446000000,6415000000.0,
INTU,INTUIT INC.,2022,7679000000,1826000000,7657000000,2176000000.0,22000000,14000000.0,6.99,6.92,15516000000,5647000000.0,3749000000,5157000000,2655000000,6442000000,1308000000.0,391000000,2034000000.0,
INTU,INTUIT INC.,2021,6784000000,1557000000,6764000000,1854000000.0,20000000,15000000.0,5.99,5.89,10931000000,5825000000.0,2816000000,7980000000,3529000000,2116000000,608000000.0,149000000,2031000000.0,
INTU,INTUIT INC.,2020,6025000000,1329000000,5778000000,1560000000.0,247000000,20000000.0,5.18,5.09,6283000000,2534000000.0,1699000000,3594000000,1966000000,1464000000,624000000.0,87000000,386000000.0,
META,"Meta Platforms, Inc.",2025,134902000000,39098000000,108943000000,46751000000.0,25959000000,420000000.0,15.19,14.87,276054000000,93417000000.0,125713000000,100045000000,33596000000,41862000000,33926000000.0,16994000000,28826000000.0,
META,"Meta Platforms, Inc.",2024,116609000000,23200000000,91360000000,28944000000.0,25249000000,160000000.0,8.63,8.59,229623000000,76455000000.0,124879000000,85365000000,31960000000,14681000000,23541000000.0,16169000000,18385000000.0,
META,"Meta Platforms, Inc.",2023,117929000000,39370000000,95280000000,46753000000.0,22649000000,23000000.0,13.99,13.77,185727000000,60014000000.0,128290000000,59549000000,27026000000,16601000000,26057000000.0,13466000000,9923000000.0,
META,"Meta Platforms, Inc.",2022,85965000000,29146000000,69273000000,32671000000.0,16692000000,672000000.0,10.22,10.09,165987000000,41108000000.0,101054000000,66666000000,21135000000,17576000000,31397000000.0,14039000000,0.0,
META,"Meta Platforms, Inc.",2021,70697000000,18485000000,57927000000,23986000000.0,12770000000,904000000.0,6.48,6.43,159316000000,31026000000.0,84127000000,75670000000,14981000000,19079000000,44378000000.0,11335000000,,
META,"Meta Platforms, Inc.",2020,55838000000,22112000000,46483000000,24913000000.0,9355000000,652000000.0,7.65,7.57,133376000000,32322000000.0,74347000000,66225000000,15053000000,10019000000,35776000000.0,9518000000,,
MSFT,MICROSOFT CORPORATION,2025,211915000000,72361000000,146052000000,88523000000.0,65863000000,1968000000.0,9.72,9.68,512163000000,243686000000.0,206223000000,159734000000,125286000000,18315000000,57228000000.0,56924000000,42688000000.0,1246000000.0
MSFT,MICROSOFT CORPORATION,2024,198270000000,72738000000,135620000000,83383000000.0,62650000000,2063000000.0,9.7,9.65,411976000000,205753000000.0,166542000000,184257000000,104149000000,34704000000,76558000000.0,48688000000,41990000000.0,2500000000.0
MSFT,MICROSOFT CORPORATION,2023,168088000000,61271000000,115856000000,69916000000.0,52232000000,2346000000.0,8.12,8.05,364840000000,198298000000.0,141988000000,169684000000,95082000000,13931000000,90826000000.0,44261000000,47032000000.0,3742000000.0
MSFT,MICROSOFT CORPORATION,2022,143015000000,44281000000,96937000000,52959000000.0,46078000000,2591000000.0,5.82,5.76,333779000000,191791000000.0,118304000000,184406000000,88657000000,14224000000,116110000000.0,38043000000,50074000000.0,2636000000.0
MSFT,MICROSOFT CORPORATION,2021,125843000000,39240000000,82933000000,42959000000.0,42910000000,2686000000.0,5.11,5.06,301311000000,183007000000.0,102330000000,181915000000,72310000000,13576000000,122951000000.0,32011000000,59578000000.0,1895000000.0
MSFT,MICROSOFT CORPORATION,2020,110360000000,16571000000,72007000000,35058000000.0,38353000000,2733000000.0,2.15,2.13,286556000000,184226000000.0,82718000000,175552000000,69420000000,11356000000,122463000000.0,29524000000,66662000000.0,2063000000.0
NFLX,NETFLIX INC,2025,33723297000,5407990000,14007929000,6954003000.0,19715368000,699826000.0,1.22,1.2,53630374000,28886807000.0,20777401000,13100379000,10755400000,7804733000,1779006000.0,1749412000,13798351000.0,
NFLX,NETFLIX INC,2024,31615550000,4491924000,12447265000,5632831000.0,19168285000,706212000.0,10.1,9.95,48731992000,28143679000.0,15849248000,9918133000,8860655000,7116913000,20973000.0,1084257000,14143417000.0,
NFLX,NETFLIX INC,2023,29697844000,5116228000,12365161000,6194509000.0,17332683000,765620000.0,11.55,11.24,48594768000,27817367000.0,11065240000,9266473000,7930974000,5147176000,911276000.0,1826388000,14353076000.0,
NFLX,NETFLIX INC,2022,24996056000,2761395000,9719737000,4585289000.0,15276319000,767499000.0,6.26,6.08,44584663000,28735415000.0,7582157000,8069825000,8488966000,6027804000,0.0,913883000,14693072000.0,
NFLX,NETFLIX INC,2021,20156447000,1866916000,7716234000,2604254000.0,12440213000,626023000.0,4.26,4.13,39280359000,28215119000.0,5238765000,9761580000,7805785000,8205550000,229747000.0,742169000,15809095000.0,
NFLX,NETFLIX INC,2020,15794341000,1211242000,1650378000,1605226000.0,9967538000,420493000.0,2.78,2.68,33975712000,26393555000.0,3581956000,6178504000,6855696000,5018437000,230000000.0,524669000,14759260000.0,
NOW,"SERVICENOW, INC.",2025,8971000000,1731000000,7050000000,762000000.0,1921000000,23000000.0,1.7,1.68,20383000000,10774000000.0,5032000000,9187000000,8358000000,1897000000,3458000000.0,2240000000,1489000000.0,
NOW,"SERVICENOW, INC.",2024,7245000000,325000000,5672000000,355000000.0,1573000000,24000000.0,1.61,1.6,17387000000,9759000000.0,3695000000,7777000000,7365000000,1470000000,2980000000.0,2036000000,1488000000.0,
NOW,"SERVICENOW, INC.",2023,5896000000,230000000,4543000000,257000000.0,1353000000,41000000.0,1.16,1.13,13299000000,8267000000.0,2834000000,6654000000,6005000000,1728000000,2810000000.0,1725000000,1486000000.0,
NOW,"SERVICENOW, INC.",2022,4519000000,119000000,3532000000,199000000.0,987000000,33000000.0,0.61,0.59,10798000000,7103000000.0,2127000000,5220000000,4949000000,1677000000,1576000000.0,1390000000,92000000.0,
NOW,"SERVICENOW, INC.",2021,3460000000,626698000,2664000000,42000000.0,796000000,33000000.0,3.36,3.18,8715000000,5881000000.0,1110000000,4522000000,3737000000,776000000,1415000000.0,1009000000,0.0,
NOW,"SERVICENOW, INC.",2020,2608816000,-26704000,1986158000,-42426000.0,622658000,52733000.0,-0.15,-0.15,6022430000,3894489000.0,778744000,2826901000,2752785000,566204000,915317000.0,835279000,694981000.0,
NVDA,NVIDIA CORP,2025,26974000000,4368000000,15356000000,4224000000.0,11618000000,262000000.0,0.18,0.17,65728000000,22750000000.0,26612000000,44345000000,10631000000,7280000000,18704000000.0,9999000000,8459000000.0,5282000000.0
NVDA,NVIDIA CORP,2024,26914000000,9752000000,17475000000,10041000000.0,9439000000,236000000.0,3.91,3.85,41182000000,19081000000.0,16893000000,23073000000,6563000000,3389000000,9907000000.0,3827000000,9703000000.0,5159000000.0
NVDA,NVIDIA CORP,2023,16675000000,4332000000,10396000000,4532000000.0,6279000000,184000000.0,1.76,1.73,44187000000,17575000000.0,12204000000,28829000000,4335000000,1990000000,19218000000.0,4650000000,10946000000.0,2605000000.0
NVDA,NVIDIA CORP,2022,10918000000,2796000000,6768000000,2846000000.0,4150000000,52000000.0,1.15,1.13,28791000000,11898000000.0,9342000000,16055000000,3925000000,847000000,10714000000.0,2429000000,5964000000.0,1826000000.0
NVDA,NVIDIA CORP,2021,11716000000,4141000000,7171000000,3804000000.0,4545000000,58000000.0,6.81,6.63,17315000000,5111000000.0,7471000000,13690000000,1784000000,10896000000,1000000.0,1657000000,1991000000.0,979000000.0
NVDA,NVIDIA CORP,2020,9714000000,3047000000,5822000000,3210000000.0,3892000000,61000000.0,5.09,4.82,13292000000,3950000000.0,5762000000,10557000000,1329000000,782000000,6640000000.0,1424000000,1988000000.0,1575000000.0
ORCL,Oracle Corporation,2025,49954000000,8503000000,13093000000,13093000000.0,36861000000,3505000000.0,3.15,3.07,140976000000,100193000000.0,8704000000,22554000000,31544000000,10454000000,207000000.0,7874000000,86869000000.0,334000000.0
ORCL,Oracle Corporation,2024,42440000000,6717000000,10926000000,10926000000.0,31514000000,2755000000.0,2.49,2.41,134384000000,109738000000.0,1073000000,21004000000,23090000000,9765000000,422000000.0,6915000000,90481000000.0,298000000.0
ORCL,Oracle Corporation,2023,40479000000,13746000000,15213000000,15213000000.0,25266000000,2496000000.0,4.67,4.55,109297000000,95554000000.0,-6220000000,31633000000,19511000000,21383000000,519000000.0,5953000000,75859000000.0,314000000.0
ORCL,Oracle Corporation,2022,39068000000,10135000000,13896000000,13896000000.0,25172000000,1995000000.0,3.16,3.08,131107000000,100991000000.0,5238000000,55567000000,24164000000,30098000000,16456000000.0,5409000000,0.0,142000000.0
ORCL,Oracle Corporation,2021,39506000000,11083000000,13535000000,13535000000.0,25971000000,2082000000.0,3.05,2.97,115438000000,85521000000.0,12074000000,52140000000,17200000000,37239000000,5818000000.0,5551000000,71597000000.0,211000000.0
ORCL,Oracle Corporation,2020,39383000000,3587000000,13264000000,13264000000.0,26119000000,2025000000.0,0.87,0.85,108709000000,67716000000.0,21785000000,46386000000,18630000000,20514000000,17313000000.0,5134000000,56167000000.0,320000000.0
PANW,Palo Alto Networks Inc,2025,6892700000,439700000,4983000000,387300000.0,1909700000,25800000.0,0.73,0.64,19990900000,14821200000.0,210000000,6849700000,7682700000,1135300000,1043600000.0,2618600000,963900000.0,115900000.0
PANW,Palo Alto Networks Inc,2024,5501500000,-267000000,3782800000,-188800000.0,1718700000,27400000.0,-0.9,-0.9,14501100000,12752700000.0,634500000,6048000000,7737500000,2118500000,1254700000.0,2463200000,1991500000.0,
PANW,Palo Alto Networks Inc,2023,4256100000,-498900000,2981200000,-304100000.0,1274900000,163300000.0,-1.73,-1.73,12253600000,12043600000.0,210000000,6414900000,8306300000,1874200000,1516000000.0,2142500000,3676800000.0,
PANW,Palo Alto Networks Inc,2022,3408400000,-267000000,2408900000,-179000000.0,999500000,88700000.0,-2.76,-2.76,10241600000,9478000000.0,634500000,4647300000,5116700000,2958000000,1026900000.0,1240400000,3226000000.0,
PANW,Palo Alto Networks Inc,2021,2899600000,-81900000,2091200000,-54100000.0,808400000,83900000.0,-0.87,-0.87,9065400000,,1101800000,5129200000,2691700000,961400000,789800000.0,1037100000,3084100000.0,
PANW,Palo Alto Networks Inc,2020,2273600000,-122200000,1628500000,-104200000.0,645100000,29600000.0,-1.33,-1.33,6592200000,,1586300000,3664800000,2053300000,2506900000,1841700000.0,582400000,1430000000.0,
PLTR,Palantir Technologies Inc.,2025,2225012000,209825000,1793907000,119966000.0,431105000,,0.1,0.09,6340884000,1246477000.0,5003275000,5934289000,996018000,831047000,3131463000.0,575048000,,
PLTR,Palantir Technologies Inc.,2024,1905871000,-373705000,1497322000,-161201000.0,408549000,,-0.18,-0.18,4522425000,961460000.0,3475561000,4138618000,746018000,2598540000,2843132000.0,364784000,,
PLTR,Palantir Technologies Inc.,2023,1541889000,-520379000,1202485000,-411046000.0,339404000,3640000.0,-0.27,-0.27,3461239000,818802000.0,2565326000,3041577000,587941000,2290674000,35135000.0,258346000,,
PLTR,Palantir Technologies Inc.,2022,1092673000,-1166391000,740126000,-1173679000.0,352547000,14139000.0,-1.19,-1.2,3247450000,956420000.0,-1980642000,2863250000,660061000,2011323000,234153000.0,190923000,,
PLTR,Palantir Technologies Inc.,2021,742555000,-579646000,500182000,-576444000.0,242373000,3061000.0,-1.02,-1.02,2690504000,1167954000.0,-1751428000,2257429000,603823000,1079154000,234153000.0,156932000,197977000.0,
PLTR,Palantir Technologies Inc.,2020,595409000,-580027000,430008000,-623440000.0,165401000,3440000.0,-1.11,-1.17,1594025000,1447436000.0,-1501562000,1214153000,728598000,1116342000,8942000.0,50315000,396065000.0,
PYPL,"PayPal Holdings, Inc.",2025,29771000000,4246000000,5028000000,5028000000.0,24743000000,347000000.0,3.85,3.84,78725000000,58308000000.0,20274000000,58206000000,45490000000,9081000000,4262000000.0,984000000,9879000000.0,
PYPL,"PayPal Holdings, Inc.",2024,27518000000,2419000000,3837000000,3837000000.0,23681000000,304000000.0,2.1,2.09,82166000000,61115000000.0,21727000000,62569000000,48466000000,7776000000,4979000000.0,1069000000,9676000000.0,
PYPL,"PayPal Holdings, Inc.",2023,25371000000,4169000000,4262000000,4262000000.0,21109000000,232000000.0,3.55,3.52,78624000000,58350000000.0,20274000000,57424000000,45008000000,5197000000,3092000000.0,963000000,10417000000.0,
PYPL,"PayPal Holdings, Inc.",2022,21454000000,4202000000,3289000000,3289000000.0,18165000000,209000000.0,3.58,3.54,75803000000,54076000000.0,21727000000,52574000000,43029000000,4794000000,4303000000.0,800000000,8049000000.0,
PYPL,"PayPal Holdings, Inc.",2021,17772000000,2459000000,2719000000,2719000000.0,15053000000,115000000.0,2.09,2.07,70379000000,50316000000.0,20019000000,50995000000,38447000000,7349000000,8289000000.0,577000000,8939000000.0,
PYPL,"PayPal Holdings, Inc.",2020,15451000000,2057000000,2194000000,2194000000.0,13257000000,77000000.0,1.74,1.71,51333000000,34404000000.0,16885000000,38495000000,26919000000,7575000000,3412000000.0,435000000,4965000000.0,
QCOM,QUALCOMM INC/DE,2025,35820000000,7232000000,19951000000,7788000000.0,15869000000,694000000.0,6.47,6.42,55154000000,28880000000.0,18013000000,25231000000,10504000000,7849000000,5451000000.0,2347000000,13270000000.0,6423000000.0
QCOM,QUALCOMM INC/DE,2024,44200000000,12936000000,25565000000,15860000000.0,18635000000,490000000.0,11.52,11.37,51040000000,29459000000.0,9950000000,22464000000,9628000000,8450000000,2874000000.0,1923000000,14484000000.0,6422000000.0
QCOM,QUALCOMM INC/DE,2023,33566000000,9043000000,19304000000,9789000000.0,14262000000,559000000.0,7.99,7.87,49014000000,31001000000.0,6077000000,20724000000,11866000000,2773000000,3609000000.0,4175000000,13537000000.0,6341000000.0
QCOM,QUALCOMM INC/DE,2022,23531000000,5198000000,14276000000,6255000000.0,9255000000,602000000.0,4.58,4.52,41240000000,31290000000.0,4909000000,20075000000,11951000000,7116000000,5298000000.0,2214000000,13701000000.0,3228000000.0
QCOM,QUALCOMM INC/DE,2021,24273000000,4386000000,15674000000,7667000000.0,8599000000,627000000.0,3.63,3.59,35594000000,29517000000.0,807000000,18519000000,8672000000,6707000000,4507000000.0,2687000000,15226000000.0,2598000000.0
QCOM,QUALCOMM INC/DE,2020,22611000000,-4964000000,12367000000,621000000.0,10244000000,768000000.0,-3.39,-3.39,32718000000,28048000000.0,30725000000,16765000000,8935000000,11839000000,421000000.0,1046000000,13437000000.0,1400000000.0
SHOP,Shopify Inc.,2025,7060000000,132000000,3515000000,-1418000000.0,3545000000,241000000.0,0.1,0.1,13924000000,410000000.0,8239000000,7254000000,1956000000,1498000000,3981000000.0,48000000,918000000.0,26000000.0
SHOP,Shopify Inc.,2024,5600000000,-3460000000,2754000000,-822000000.0,2846000000,75000000.0,-2.73,-2.73,11299000000,1335000000.0,11133000000,6275000000,898000000,1413000000,3595000000.0,30000000,0.0,19000000.0
SNOW,SNOWFLAKE INC.,2025,2065659000,-796705000,1348119000,-842267000.0,717540000,0.0,-2.5,-2.5,8223383000,3032789000.0,5180308000,5039264000,2731230000,939902000,2083499000.0,926902000,0.0,
SNOW,SNOWFLAKE INC.,2024,1219327000,-679948000,760894000,-715036000.0,458433000,9129000.0,-2.26,-2.26,7722322000,2253707000.0,5456436000,4984690000,1993517000,1085729000,3067966000.0,715821000,,
SNOW,SNOWFLAKE INC.,2023,592049000,-539102000,349461000,-543937000.0,242588000,7507000.0,-3.81,-3.81,6649698000,1600653000.0,5049045000,4598643000,1397093000,820177000,2766364000.0,545629000,,
SNOW,SNOWFLAKE INC.,2022,264748000,-348535000,148191000,-358088000.0,116557000,11551000.0,-7.77,-7.77,5921739000,985268000.0,-312467000,4300652000,789264000,127206000,3087887000.0,294017000,,
SNOW,SNOWFLAKE INC.,2021,96666000,-178028000,44913000,-185465000.0,51753000,8759000.0,-4.67,-4.67,1012720000,621003000.0,-131892000,665194000,416455000,116541000,306844000.0,179459000,,
SQ,"BLOCK, INC.",2025,21915623000,9772000,7504886000,-278839000.0,14410737000,0.0,0.02,0.02,36777595000,15542633000.0,21267932000,19880201000,8546798000,4996465000,1939000.0,148898000,5105939000.0,104990000.0
SQ,"BLOCK, INC.",2024,17531587000,-540747000,5991892000,-624532000.0,11539695000,0.0,-0.93,-0.93,33031308000,14338472000.0,18695256000,17818697000,8883044000,4544202000,3332000.0,134824000,4120091000.0,110097000.0
SQ,"BLOCK, INC.",2023,17661203000,166284000,4419823000,161112000.0,13241380000,-33124000.0,0.36,0.33,31364340000,14112985000.0,17222879000,15623405000,8434516000,4443669000,4332000.0,140508000,4109829000.0,97703000.0
SQ,"BLOCK, INC.",2022,9497578000,213105000,2733409000,-18815000.0,6764169000,-56943000.0,0.48,0.44,15026360000,11712771000.0,3272855000,11621524000,6535700000,3158058000,1953000.0,89702000,4559208000.0,77058000.0
SQ,"BLOCK, INC.",2021,4713500000,375446000,1889685000,26557000.0,2823815000,44900000.0,0.88,0.81,9869550000,7187981000.0,2681569000,7761629000,4126104000,1047118000,6375000.0,41960000,2586924000.0,61129000.0
SQ,"BLOCK, INC.",2020,3298177000,-38453000,1303700000,-36614000.0,1994477000,37800000.0,-0.09,-0.09,4551258000,2836208000.0,786333000,3219801000,1694085000,1047118000,2512000.0,33863000,938832000.0,47683000.0
TSLA,"Tesla, Inc.",2025,96773000000,14997000000,17660000000,8891000000.0,79113000000,156000000.0,4.73,4.3,122070000000,48390000000.0,72913000000,58360000000,28821000000,16398000000,20424000000.0,4418000000,5535000000.0,12017000000.0
TSLA,"Tesla, Inc.",2024,81462000000,12556000000,20853000000,13656000000.0,60609000000,191000000.0,4.02,3.62,106618000000,43009000000.0,62634000000,49616000000,28748000000,16253000000,12696000000.0,3508000000,2682000000.0,13626000000.0
TSLA,"Tesla, Inc.",2023,53823000000,5519000000,13606000000,6523000000.0,40217000000,371000000.0,1.87,1.63,82338000000,36440000000.0,44704000000,40917000000,26709000000,17576000000,5932000000.0,2952000000,1029000000.0,12839000000.0
TSLA,"Tesla, Inc.",2022,31536000000,721000000,6630000000,1994000000.0,24906000000,748000000.0,0.25,0.21,62131000000,30548000000.0,30189000000,27100000000,19705000000,19384000000,131000000.0,1913000000,4254000000.0,5757000000.0
TSLA,"Tesla, Inc.",2021,24578000000,-862000000,4069000000,-69000000.0,20509000000,685000000.0,-0.98,-0.98,52148000000,28418000000.0,22225000000,26717000000,14248000000,6268000000,131000000.0,1886000000,8462000000.0,4101000000.0
TSLA,"Tesla, Inc.",2020,21461000000,-976000000,4042000000,-388000000.0,17419000000,663000000.0,-1.14,-1.14,34309000000,26199000000.0,6618000000,12103000000,10667000000,3686000000,,1324000000,10402000000.0,3552000000.0
TWLO,Twilio Inc.,2025,4153945000,-1015441000,2043930000,-876541000.0,2110015000,38389000.0,-5.54,-5.54,9865472000,1912506000.0,10559042000,3447299000,820220000,655931000,1963102000.0,588540000,990587000.0,
TWLO,Twilio Inc.,2024,3826321000,-1256145000,1813577000,-1205308000.0,2012744000,37500000.0,-6.86,-6.86,11609707000,1877155000.0,11031466000,4903972000,738297000,651752000,3356064000.0,562773000,988953000.0,
TWLO,Twilio Inc.,2023,2841839000,-949900000,1390713000,-915584000.0,1451126000,20637000.0,-5.45,-5.45,12564304000,2005262000.0,8452665000,4984086000,808158000,1479452000,3503317000.0,547507000,987382000.0,
TWLO,Twilio Inc.,2022,1761776000,-490979000,915661000,-492901000.0,846115000,,-3.35,-3.35,12998598000,1967132000.0,4279411000,5932228000,703550000,933885000,3878430000.0,388215000,985907000.0,
TWLO,Twilio Inc.,2021,1134468000,-307063000,608917000,-369785000.0,525551000,,-2.36,-2.36,9487433000,1034768000.0,438235000,3372335000,448306000,253735000,2105906000.0,251167000,302068000.0,
TWLO,Twilio Inc.,2020,650067000,-121949000,349226000,-115235000.0,300841000,708000.0,-1.26,-1.26,5150516000,871105000.0,359846000,2061331000,247222000,253660000,6342000.0,154067000,458190000.0,
UBER,"UBER TECHNOLOGIES, INC.",2025,37281000000,1887000000,14824000000,1110000000.0,22457000000,633000000.0,0.93,0.87,51244000000,28768000000.0,21558000000,12245000000,11476000000,4680000000,1084000000.0,3333000000,8347000000.0,
UBER,"UBER TECHNOLOGIES, INC.",2024,31877000000,-9141000000,12218000000,-1832000000.0,19659000000,525000000.0,-4.64,-4.65,38699000000,26017000000.0,11249000000,11297000000,9454000000,4208000000,727000000.0,3404000000,9459000000.0,
UBER,"UBER TECHNOLOGIES, INC.",2023,17455000000,-496000000,8104000000,-3834000000.0,9351000000,483000000.0,-0.26,-0.29,32109000000,23605000000.0,7340000000,9249000000,8853000000,4295000000,103000000.0,2779000000,9265000000.0,
UBER,"UBER TECHNOLOGIES, INC.",2022,11139000000,-6768000000,5985000000,-4863000000.0,5154000000,458000000.0,-3.86,-3.86,38774000000,23425000000.0,14458000000,8819000000,9024000000,5647000000,0.0,2439000000,9276000000.0,
UBER,"UBER TECHNOLOGIES, INC.",2021,13000000000,-8506000000,6939000000,-8596000000.0,6061000000,559000000.0,-6.81,-6.81,33252000000,19498000000.0,12266000000,9882000000,6865000000,10873000000,1180000000.0,1073000000,7560000000.0,
UBER,"UBER TECHNOLOGIES, INC.",2020,10433000000,997000000,5647000000,-3033000000.0,4786000000,648000000.0,0.0,0.0,31761000000,16578000000.0,14190000000,13925000000,5639000000,6406000000,440000000.0,1214000000,5707000000.0,
WDAY,"WORKDAY, INC.",2025,6216000000,-367000000,-222000000,-222000000.0,6438000000,102000000.0,-1.44,-1.44,16452000000,8370000000.0,5585000000,9939000000,5055000000,1886000000,5801000000.0,1639000000,2980000000.0,
WDAY,"WORKDAY, INC.",2024,5139000000,29000000,-116000000,-116000000.0,5255000000,17000000.0,0.12,0.12,13486000000,7901000000.0,4535000000,8108000000,4628000000,1534000000,4235000000.0,1570000000,2976000000.0,
WDAY,"WORKDAY, INC.",2023,4317996000,-282431000,-248599000,-248599000.0,4566595000,68806000.0,-1.19,-1.19,10498505000,5963423000.0,3277834000,5214065000,5067855000,1384181000,2109888000.0,1242545000,617354000.0,
WDAY,"WORKDAY, INC.",2022,3627206000,-480674000,-502230000,-502230000.0,4129436000,58685000.0,-2.12,-2.12,8718411000,5440577000.0,2486551000,4802061000,4282648000,731141000,2151472000.0,1032484000,691913000.0,
WDAY,"WORKDAY, INC.",2021,2822180000,-418258000,-463284000,-463284000.0,3285464000,60209000.0,-1.93,-1.93,6816365000,4329814000.0,1958442000,3094622000,2969404000,638554000,1213432000.0,877578000,1017967000.0,
WDAY,"WORKDAY, INC.",2020,2143050000,-321222000,-303223000,-303223000.0,2446273000,44549000.0,-1.55,-1.55,5520746000,3562304000.0,1580365000,2700596000,2430691000,1134355000,1139864000.0,704680000,232514000.0,
ZM,"Zoom Communications, Inc.",2025,4392960000,103711000,3292509000,245429000.0,1100451000,41418000.0,0.35,0.34,9929793000,1910387000.0,5780018000,7926219000,1762187000,1086830000,5404233000.0,536078000,,
ZM,"Zoom Communications, Inc.",2024,4099864000,1375639000,3045310000,1063591000.0,1054554000,-5720000.0,4.64,4.5,8128065000,1921458000.0,3860767000,6356412000,1738644000,1062820000,4325836000.0,557404000,,
ZM,"Zoom Communications, Inc.",2023,2651368000,672316000,1829379000,659848000.0,821989000,15648000.0,2.37,2.25,7551318000,1771300000.0,833943000,6183807000,1579691000,2240303000,4356446000.0,419673000,,
ZM,"Zoom Communications, Inc.",2022,622658000,25305000,507262000,12696000.0,115396000,13666000.0,0.09,0.09,5297993000,1437226000.0,-7439000,4792865000,1259966000,283134000,2004410000.0,294703000,,
ZM,"Zoom Communications, Inc.",2021,330517000,7584000,269516000,6167000.0,61001000,2182000.0,0.0,0.0,1289845000,455902000.0,-26671000,1095522000,333830000,63624000,572060000.0,120435000,,
ZM,"Zoom Communications, Inc.",2020,151478000,-3822000,120698000,-4833000.0,30780000,1315000.0,-0.11,-0.11,354565000,202452000.0,-28838000,276719000,152341000,36146000,112777000.0,63613000,14858000.0,
